"fork","carriages","repetitions","medianMicroseconds","allocatedBytes"
"1","8","4000","0.54","2560"
"1","16","4000","1.951","8560"
"1","32","1953","4.246","30920"
"1","64","488","14.807","117040"
"1","128","122","60.313","455200"
"1","256","30","213.69","1795160"
"1","512","12","946.075","7129280"
"1","1024","12","3613.3","28414320"
"2","8","4000","0.427","2560"
"2","16","4000","1.213","8560"
"2","32","1953","4.156","30920"
"2","64","488","15.323","117040"
"2","128","122","54.988","455200"
"2","256","30","231.047","1795160"
"2","512","12","849.583","7129280"
"2","1024","12","3519.483","28414320"
"3","8","4000","0.314","2560"
"3","16","4000","1.208","8560"
"3","32","1953","4.1","30920"
"3","64","488","15.055","117040"
"3","128","122","57.965","455200"
"3","256","30","224.067","1795160"
"3","512","12","899.758","7129280"
"3","1024","12","3499.383","28414320"
